Chino Valley Unified,"$10,931 ","$93,442 "
Rio Elementary,"$12,410 ","$85,938 "
Two Rock Union,"$13,355 ","$81,136 "
Graves Elementary,"$11,071 ","$92,500 "
San Lorenzo Unified,"$13,748 ","$79,082 "
Norwalk-La Mirada Unified,"$13,962 ","$77,957 "
Mulberry Elementary,"$13,781 ","$78,750 "
Templeton Unified,"$11,214 ","$91,541 "
Franklin-Mckinley Elementary,"$14,337 ","$75,898 "
Pajaro Valley Unified,"$15,343 ","$71,880 "
West Side Union Elementary,"$11,556 ","$89,667 "
Twin Ridges Elementary,"$19,969 ","$48,819 "
Fountain Valley Elementary,"$10,331 ","$97,113 "
Vista Unified,"$14,041 ","$78,566 "
San Diego Unified,"$14,457 ","$75,020 "
Newcastle Elementary,"$13,709 ","$80,278 "
Folsom-Cordova Unified,"$11,775 ","$88,346 "
Round Valley Joint Elementary,"$12,307 ","$87,679 "
John Swett Unified,"$12,782 ","$82,956 "
Monrovia Unified,"$13,518 ","$79,271 "
Tustin Unified,"$11,031 ","$91,676 "
Duarte Unified,"$14,365 ","$74,984 "
Julian Union Elementary,"$18,521 ","$56,700 "
Huntington Beach City Elementary,"$10,456 ","$97,092 "
Tres Pinos Union Elementary,"$9,333 ","$102,750 "
East Whittier City Elementary,"$12,032 ","$86,520 "
San Benito High,"$12,664 ","$86,216 "
Torrance Unified,"$11,194 ","$93,597 "
Galt Joint Union High,"$14,169 ","$75,670 "
Azusa Unified,"$15,088 ","$71,068 "
Cienega Union Elementary,"$14,600 ","$73,438 "
Brea-Olinda Unified,"$10,352 ","$94,654 "
Big Valley Joint Unified,"$20,402 ","$44,293 "
West Contra Costa Unified,"$14,231 ","$78,737 "
French Gulch-Whiskeytown Elementary,"$20,522 ","$43,516 "
Tracy Joint Unified,"$12,026 ","$89,840 "
Gold Trail Union Elementary,"$10,796 ","$95,995 "
Los Nietos,"$16,034 ","$65,826 "
Princeton Joint Unified,"$17,143 ","$64,432 "
Charter Oak Unified,"$12,980 ","$81,022 "
Luther Burbank,"$14,430 ","$73,766 "
Winters Joint Unified,"$12,967 ","$85,389 "
Pleasant Valley,"$10,729 ","$96,721 "
Ocean View - Huntington Beach,"$11,812 ","$91,312 "
Centralia Elementary,"$13,146 ","$80,010 "
Hacienda La Puente Unified,"$13,372 ","$78,870 "
Napa Valley Unified,"$12,313 ","$88,859 "
Valley Center-Pauma Unified,"$12,289 ","$89,200 "
General Shafter Elementary,"$18,252 ","$59,375 "
Alta-Dutch Flat Union Elementary,"$15,515 ","$73,162 "
Esparto Unified,"$14,026 ","$75,176 "
Placer Union High,"$12,944 ","$80,554 "
North Monterey County Unified,"$13,821 ","$81,786 "
West Sonoma County Union High,"$14,139 ","$80,223 "
Sulphur Springs Union,"$11,201 ","$89,165 "
Roseville City Elementary,"$11,431 ","$87,984 "
Hollister,"$12,149 ","$84,369 "
La Habra City Elementary,"$13,455 ","$77,824 "
Hope Elementary - Santa Barbara,"$12,541 ","$82,342 "
Westside Union Elementary,"$10,765 ","$91,196 "
San Marcos Unified,"$11,775 ","$86,027 "
Lawndale Elementary,"$16,218 ","$63,773 "
Murrieta Valley Unified,"$11,338 ","$94,577 "
Rowland Unified,"$13,586 ","$76,914 "
Blochman Union Elementary,"$11,481 ","$94,000 "
Sierra Unified,"$14,484 ","$72,239 "
Round Valley Unified,"$21,257 ","$38,279 "
Dixon Unified,"$12,277 ","$83,143 "
Oxnard Union High,"$13,175 ","$78,649 "
Santa Barbara Unified,"$13,495 ","$77,021 "
Alta Loma Elementary,"$10,389 ","$99,689 "
Junction Elementary - Palo Cedro,"$12,073 ","$84,097 "
Los Alamitos Unified,"$11,866 ","$85,092 "
Grossmont Union High,"$14,539 ","$71,670 "
Oakland Unified,"$15,652 ","$73,561 "
Wilmar Union Elementary,"$10,527 ","$91,597 "
Orcutt Union Elementary,"$11,083 ","$88,607 "
Huntington Beach Union High,"$12,816 ","$88,159 "
Bonita Unified,"$11,358 ","$87,054 "
Fullerton Elementary,"$12,242 ","$82,576 "
Cypress Elementary,"$11,127 ","$96,702 "
Placer Hills Union Elementary,"$10,567 ","$90,825 "
El Dorado Union High,"$12,260 ","$91,182 "
Potter Valley Community Unified,"$17,008 ","$58,478 "
Lagunita Elementary,"$10,287 ","$92,083 "
Chaffey Joint Union High,"$13,298 ","$76,972 "
Antioch Unified,"$13,551 ","$75,642 "
Fallbrook Union High,"$14,957 ","$68,553 "
Santee,"$11,103 ","$87,821 "
Wheatland Union High,"$12,833 ","$88,694 "
Arcohe Union Elementary,"$11,156 ","$87,477 "
Bret Harte Union High,"$17,977 ","$62,973 "
Corona-Norco Unified,"$11,658 ","$94,613 "
Peninsula Union,"$20,229 ","$41,985 "
Newhall,"$11,279 ","$96,590 "
Escondido Union High,"$14,895 ","$68,598 "
San Leandro Unified,"$12,979 ","$78,181 "
San Lorenzo Valley Unified,"$11,012 ","$98,013 "
Western Placer Unified,"$11,111 ","$87,463 "
Fillmore Unified,"$13,555 ","$75,201 "
Live Oak Elementary,"$13,933 ","$73,229 "
Mupu Elementary,"$9,669 ","$94,500 "
Elverta Joint Elementary,"$12,239 ","$81,613 "
North Cow Creek Elementary,"$10,364 ","$90,938 "
Elk Grove Unified,"$12,557 ","$79,728 "
Rio Bravo-Greeley Union Elementary,"$10,043 ","$103,403 "
Junction Elementary - Somes Bar,"$22,308 ","$42,083 "
Klamath-Trinity Joint Unified,"$20,560 ","$39,613 "
Alpine Union Elementary,"$10,833 ","$88,263 "
Dry Creek Joint Elementary,"$10,534 ","$89,743 "
Vacaville Unified,"$11,479 ","$84,968 "
Covina-Valley Unified,"$13,698 ","$73,801 "
Temecula Valley Unified,"$10,666 ","$100,688 "
Downey Unified,"$13,423 ","$74,957 "
Abc Unified,"$12,189 ","$81,101 "
Rosedale Union Elementary,"$10,852 ","$99,938 "
Baker Valley Unified,"$22,888 ","$27,404 "
Clovis Unified,"$11,404 ","$84,832 "
Valley Home Joint Elementary,"$11,440 ","$97,072 "
Cloverdale Unified,"$13,820 ","$72,649 "
Glendora Unified,"$11,441 ","$97,274 "
Santa Ana Unified,"$14,679 ","$68,140 "
Foresthill Union Elementary,"$12,150 ","$80,772 "
Walnut Creek Elementary,"$11,373 ","$97,735 "
Fullerton Joint Union High,"$12,063 ","$81,100 "
Ramona City Unified,"$11,309 ","$98,201 "
Taft Union High,"$23,039 ","$39,520 "
Buena Park Elementary,"$13,609 ","$73,313 "
Culver City Unified,"$11,949 ","$95,044 "
Janesville Union Elementary,"$10,014 ","$91,205 "
Mark West Union Elementary,"$11,610 ","$83,167 "
Cuyama Joint Unified,"$19,155 ","$45,395 "
Natomas Unified,"$12,033 ","$81,010 "
Salida Union Elementary,"$12,999 ","$76,157 "
Whittier Union High,"$15,862 ","$75,733 "
Center Joint Unified,"$12,916 ","$76,455 "
Imperial Unified,"$11,762 ","$82,136 "
Midway Elementary,"$22,050 ","$45,000 "
Roseville Joint Union High,"$12,476 ","$92,924 "
Aromas - San Juan Unified,"$12,068 ","$95,000 "
Lowell Joint,"$10,051 ","$90,493 "
Twin Hills Union Elementary,"$11,000 ","$100,457 "
Wright Elementary,"$14,541 ","$82,851 "
Carpinteria Unified,"$14,972 ","$80,771 "
Oxnard,"$13,885 ","$71,043 "
Southside Elementary,"$9,512 ","$108,143 "
Los Angeles Unified,"$15,793 ","$61,375 "
Rincon Valley Union Elementary,"$13,945 ","$86,045 "
Gravenstein Union Elementary,"$11,545 ","$98,106 "
Hart-Ransom Union Elementary,"$9,945 ","$90,550 "
Junction City Elementary,"$17,317 ","$53,629 "
Mccabe Union Elementary,"$10,652 ","$102,672 "
Elkins Elementary,"$19,077 ","$44,750 "
Santa Clara Elementary,"$11,068 ","$100,625 "
Plumas Lake Elementary,"$10,599 ","$102,979 "
Twain Harte,"$15,813 ","$76,895 "
Wheatland,"$13,517 ","$72,473 "
Borrego Springs Unified,"$18,028 ","$49,883 "
Pomona Unified,"$15,089 ","$64,578 "
Ojai Unified,"$12,123 ","$79,371 "
Carlsbad Unified,"$11,270 ","$99,805 "
Mcswain Union Elementary,"$10,811 ","$102,138 "
Edison Elementary,"$14,633 ","$66,731 "
Fairfield-Suisun Unified,"$11,182 ","$83,874 "
Soquel Union Elementary,"$11,436 ","$82,557 "
Alvord Unified,"$13,771 ","$70,862 "
Sonoma Valley Unified,"$14,357 ","$84,669 "
Riverside Unified,"$13,303 ","$73,093 "
Lakeside Union Elementary - Lakeside,"$12,255 ","$78,320 "
Loomis Union Elementary,"$9,833 ","$107,379 "
North County Joint Union Elementary,"$10,336 ","$104,904 "
Arcadia Unified,"$12,188 ","$95,684 "
Nevada Joint Union High,"$15,562 ","$61,621 "
Rocklin Unified,"$11,360 ","$99,933 "
Jefferson Elementary - Daly City,"$13,202 ","$90,838 "
Simi Valley Unified,"$11,607 ","$98,876 "
Orange Unified,"$11,918 ","$97,336 "
Jefferson Elementary - Tracy,"$10,389 ","$105,024 "
Lake Elsinore Unified,"$13,176 ","$73,231 "
Cotati-Rohnert Park Unified,"$13,081 ","$73,549 "
Hughson Unified,"$11,596 ","$80,960 "
San Pasqual Valley Unified,"$23,300 ","$22,250 "
San Rafael City Elementary,"$13,385 ","$90,462 "
Baldwin Park Unified,"$14,543 ","$65,978 "
Pollock Pines Elementary,"$12,522 ","$76,066 "
Little Lake City Elementary,"$12,723 ","$75,046 "
Maricopa Unified,"$20,036 ","$38,393 "
Ventura Unified,"$12,006 ","$78,534 "
Dunham Elementary,"$12,768 ","$93,750 "
Fontana Unified,"$15,045 ","$63,253 "
Pasadena Unified,"$14,190 ","$86,695 "
Benicia Unified,"$10,914 ","$103,163 "
San Gabriel Unified,"$13,559 ","$70,511 "
Mountain View Elementary - Ontario,"$11,227 ","$82,010 "
Golden Valley Unified,"$11,241 ","$81,907 "
Fallbrook Union Elementary,"$13,864 ","$68,750 "
Oakley Union Elementary,"$10,720 ","$104,464 "
San Antonio Union Elementary,"$17,092 ","$52,569 "
Val Verde Unified,"$13,534 ","$70,358 "
Claremont Unified,"$12,213 ","$97,052 "
Big Oak Flat-Groveland Unified,"$18,352 ","$66,486 "
Placentia-Yorba Linda Unified,"$11,385 ","$101,349 "
Bradley Union Elementary,"$16,324 ","$76,667 "
Lucia Mar Unified,"$11,770 ","$78,837 "
Anaheim Union High,"$13,449 ","$70,303 "
Bassett Unified,"$13,621 ","$69,300 "
Patterson Joint Unified,"$13,614 ","$69,330 "
Rosemead Elementary,"$14,367 ","$65,509 "
Atascadero Unified,"$11,288 ","$80,884 "
Hayward Unified,"$14,523 ","$86,336 "
Escondido Union,"$13,957 ","$67,323 "
Green Point Elementary,"$16,526 ","$54,375 "
Centinela Valley Union High,"$16,522 ","$54,242 "
South Whittier Elementary,"$14,200 ","$65,829 "
Ravenswood City Elementary,"$18,622 ","$66,201 "
Shandon Joint Unified,"$16,148 ","$55,972 "
Saddleback Valley Unified,"$11,797 ","$100,470 "
Gonzales Unified,"$14,013 ","$66,543 "
Orick Elementary,"$24,708 ","$35,938 "
Garden Grove Unified,"$13,564 ","$68,762 "
Martinez Unified,"$11,803 ","$100,658 "
Denair Unified,"$13,962 ","$89,897 "
Redlands Unified,"$11,919 ","$76,699 "
Garvey Elementary,"$16,755 ","$52,463 "
Galt Joint Union Elementary,"$12,064 ","$75,907 "
Chula Vista Elementary,"$10,900 ","$81,646 "
Bonsall Unified,"$11,208 ","$103,966 "
Burbank Unified,"$12,056 ","$75,827 "
Walnut Valley Unified,"$11,162 ","$104,237 "
Ripon Unified,"$10,147 ","$85,233 "
Westside Elementary,"$19,128 ","$40,250 "
Seiad Elementary,"$22,444 ","$47,969 "
Solvang Elementary,"$9,326 ","$89,104 "
Gorman Joint,"$15,585 ","$82,500 "
Vallejo City Unified,"$13,268 ","$69,300 "
Trinity Center Elementary,"$24,143 ","$39,750 "
Santa Ynez Valley Union High,"$13,573 ","$92,708 "
Cucamonga Elementary,"$13,979 ","$65,634 "
West Covina Unified,"$14,780 ","$86,748 "
Upland Unified,"$12,066 ","$75,048 "
South Pasadena Unified,"$11,279 ","$104,370 "
Alum Rock Union Elementary,"$16,178 ","$79,946 "
Forestville Union Elementary,"$18,772 ","$66,971 "
Washington Unified - West Sacramento,"$12,907 ","$70,699 "
Monterey Peninsula Unified,"$12,472 ","$72,666 "
Bellevue Union,"$14,071 ","$64,601 "
Santa Maria Joint Union High,"$13,174 ","$69,070 "
San Ysidro Elementary,"$15,000 ","$59,926 "
Garfield Elementary,"$13,453 ","$94,028 "
Manzanita Elementary,"$10,290 ","$83,162 "
Richmond Elementary,"$9,358 ","$87,813 "
El Monte City,"$16,558 ","$51,723 "
Norris Elementary,"$8,683 ","$118,190 "
Jamul-Dulzura Union Elementary,"$11,824 ","$102,663 "
Lone Pine Unified,"$17,442 ","$47,083 "
Anaheim Elementary,"$13,560 ","$66,504 "
Pacific Union Elementary - Fresno,"$16,106 ","$53,750 "
Jurupa Unified,"$12,873 ","$69,873 "
Bridgeville Elementary,"$22,655 ","$48,594 "
Robla Elementary,"$15,105 ","$58,676 "
Manteca Unified,"$12,178 ","$73,257 "
Beaumont Unified,"$11,807 ","$75,103 "
Lewiston Elementary,"$18,593 ","$41,136 "
Moreno Valley Unified,"$14,013 ","$64,003 "
Monte Rio Union Elementary,"$20,690 ","$58,642 "
Marcum-Illinois Union Elementary,"$14,616 ","$60,875 "
Mountain Union Elementary,"$18,863 ","$39,583 "
Ballico-Cressey Elementary,"$12,180 ","$72,946 "
Vallecitos Elementary,"$13,634 ","$65,625 "
El Rancho Unified,"$13,058 ","$68,467 "
Sweetwater Union High,"$12,831 ","$69,583 "
Bitterwater-Tully Elementary,"$10,371 ","$81,875 "
Moorpark Unified,"$10,939 ","$107,703 "
Pittsburg Unified,"$13,431 ","$66,535 "
Savanna Elementary,"$12,462 ","$71,306 "
Plumas Unified,"$15,511 ","$55,955 "
Vallecito Union,"$15,430 ","$56,234 "
Grant Elementary,"$11,647 ","$104,500 "
San Lucas Union Elementary,"$15,356 ","$56,591 "
La Mesa-Spring Valley,"$12,472 ","$70,997 "
Hornbrook Elementary,"$23,533 ","$45,156 "
Ontario-Montclair,"$14,721 ","$59,635 "
Travis Unified,"$11,362 ","$106,068 "
Gold Oak Union Elementary,"$10,707 ","$79,487 "
Sacramento City Unified,"$14,667 ","$59,648 "
Bellflower Unified,"$13,391 ","$65,982 "
Davis Joint Unified,"$12,987 ","$67,918 "
Leggett Valley Unified,"$22,063 ","$22,500 "
Whittier City Elementary,"$12,453 ","$70,564 "
Yosemite Unified,"$12,509 ","$70,156 "
Cayucos Elementary,"$19,756 ","$64,635 "
Bennett Valley Union Elementary,"$11,660 ","$105,191 "
Alhambra Unified,"$14,392 ","$60,647 "
Albany City Unified,"$13,548 ","$95,783 "
San Luis Coastal Unified,"$13,356 ","$65,800 "
Little Shasta Elementary,"$18,190 ","$41,458 "
Santa Maria-Bonita,"$13,843 ","$63,134 "
Anderson Valley Unified,"$17,184 ","$46,386 "
Mountain Empire Unified,"$14,510 ","$59,746 "
Warner Unified,"$22,897 ","$49,333 "
Pleasant Ridge Union Elementary,"$11,061 ","$76,804 "
Winship-Robbins,"$16,441 ","$49,821 "
Southern Trinity Joint Unified,"$27,516 ","$26,500 "
Irvine Unified,"$11,451 ","$106,905 "
William S. Hart Union High,"$11,989 ","$104,240 "
Montgomery Elementary,"$24,273 ","$42,857 "
Briggs Elementary,"$11,837 ","$72,647 "
Sanger Unified,"$12,337 ","$70,134 "
Lodi Unified,"$12,898 ","$67,240 "
Long Beach Unified,"$13,175 ","$65,851 "
Temple City Unified,"$11,524 ","$74,057 "
Durham Unified,"$11,501 ","$74,167 "
Glendale Unified,"$12,505 ","$69,114 "
South Bay Union Elementary,"$12,869 ","$67,258 "
Delphic Elementary,"$13,550 ","$63,750 "
Oak View Union Elementary,"$11,285 ","$75,054 "
Guerneville Elementary,"$20,614 ","$61,563 "
Brentwood Union Elementary,"$11,198 ","$108,769 "
Rialto Unified,"$14,090 ","$60,828 "
Lemon Grove,"$13,471 ","$63,911 "
Willow Creek Elementary,"$23,742 ","$46,111 "
Goleta Union Elementary,"$16,461 ","$82,599 "
Loleta Union Elementary,"$15,358 ","$54,306 "
Snelling-Merced Falls Union Elementary,"$15,667 ","$52,750 "
Mountain View Elementary - El Monte,"$16,305 ","$49,503 "
Riverbank Unified,"$14,467 ","$58,671 "
Columbia Elementary,"$12,956 ","$66,212 "
Hope Elementary - Porterville,"$11,311 ","$74,345 "
Mt. Diablo Unified,"$13,284 ","$98,809 "
East Nicolaus Joint Union High,"$12,096 ","$70,400 "
Buckeye Union Elementary,"$10,926 ","$110,615 "
Igo Ono Platina Union Elementary,"$18,698 ","$37,188 "
Monroe Elementary,"$15,867 ","$51,346 "
Compton Unified,"$15,206 ","$54,613 "
Soledad Unified,"$13,498 ","$63,142 "
Woodland Joint Unified,"$12,383 ","$68,687 "
Panama-Buena Vista Union,"$11,864 ","$71,198 "
Cajon Valley Union,"$13,136 ","$64,818 "
Old Adobe Union,"$13,559 ","$97,929 "
Oceanside Unified,"$13,154 ","$64,597 "
Silver Valley Unified,"$15,275 ","$53,898 "
Gilroy Unified,"$12,490 ","$103,388 "
Williams Unified,"$12,780 ","$66,333 "
River Delta Joint Unified,"$13,088 ","$64,701 "
Blake Elementary,"$16,692 ","$82,500 "
Waterford Unified,"$13,966 ","$60,304 "
Hughes-Elizabeth Lakes Union Elementary,"$10,342 ","$78,415 "
Black Oak Mine Unified,"$11,581 ","$72,146 "
Salinas Union High,"$12,953 ","$65,268 "
Linden Unified,"$12,259 ","$68,706 "
Rescue Union Elementary,"$10,836 ","$111,996 "
Newman-Crows Landing Unified,"$13,285 ","$63,512 "
Happy Valley Union Elementary,"$13,391 ","$62,955 "
Johnstonville Elementary,"$10,381 ","$77,946 "
Inglewood Unified,"$14,601 ","$56,766 "
Sierra Sands Unified,"$12,280 ","$68,347 "
Central Union Elementary,"$15,290 ","$53,275 "
Conejo Valley Unified,"$11,119 ","$110,829 "
Burnt Ranch Elementary,"$17,333 ","$42,969 "
Saucelito Elementary,"$16,051 ","$49,375 "
Kirkwood Elementary,"$12,042 ","$69,375 "
Santa Paula Unified,"$14,021 ","$59,397 "
Windsor Unified,"$12,148 ","$105,938 "
Browns Elementary,"$12,720 ","$103,125 "
San Juan Unified,"$13,148 ","$63,640 "
Auburn Union Elementary,"$12,385 ","$67,410 "
Liberty Elementary - Petaluma,"$14,627 ","$93,750 "
Pacific Elementary,"$12,547 ","$66,484 "
El Monte Union High,"$15,285 ","$52,729 "
Sylvan Union Elementary,"$11,605 ","$71,094 "
Castaic Union,"$10,823 ","$112,926 "
Paramount Unified,"$13,949 ","$59,304 "
Sebastopol Union Elementary,"$17,013 ","$82,027 "
Kingsburg Joint Union High,"$12,350 ","$67,198 "
Helendale Elementary,"$11,793 ","$69,976 "
Romoland Elementary,"$11,805 ","$69,886 "
Paso Robles Joint Unified,"$12,352 ","$67,018 "
Franklin Elementary,"$9,788 ","$79,844 "
Soulsbyville Elementary,"$9,512 ","$81,161 "
Somis Union,"$13,273 ","$101,205 "
El Segundo Unified,"$11,604 ","$109,577 "
Valle Lindo Elementary,"$13,121 ","$62,911 "
Klamath River Union Elementary,"$20,750 ","$24,732 "
Oakdale Joint Unified,"$11,208 ","$72,342 "
Nuestro Elementary,"$8,918 ","$83,750 "
Waugh Elementary,"$10,715 ","$114,297 "
Hueneme Elementary,"$12,577 ","$65,326 "
Mountain Elementary,"$12,336 ","$106,250 "
Greenfield Union Elementary,"$13,526 ","$60,496 "
Etiwanda Elementary,"$11,243 ","$111,790 "
Yucaipa-Calimesa Joint Unified,"$11,758 ","$69,281 "
Sutter Union High,"$11,227 ","$71,914 "
Snowline Joint Unified,"$12,695 ","$64,394 "
Delhi Unified,"$13,804 ","$58,800 "
Sierra-Plumas Joint Unified,"$15,673 ","$49,435 "
Raymond-Knowles Union Elementary,"$14,395 ","$55,625 "
Central Elementary,"$11,154 ","$71,427 "
Redondo Beach Unified,"$11,081 ","$113,596 "
Antelope Valley Union High,"$13,693 ","$58,602 "
Canyon Elementary,"$13,559 ","$101,250 "
Laytonville Unified,"$17,117 ","$41,450 "
Mother Lode Union Elementary,"$11,335 ","$70,359 "
Fieldbrook Elementary,"$11,168 ","$71,176 "
Capistrano Unified,"$10,665 ","$115,783 "
San Miguel Joint Union,"$11,782 ","$67,962 "
Mt. Baldy Joint Elementary,"$13,872 ","$57,500 "
Scotts Valley Unified,"$10,448 ","$117,083 "
Calaveras Unified,"$12,559 ","$63,967 "
Bogus Elementary,"$15,278 ","$50,357 "
Mammoth Unified,"$12,805 ","$62,639 "
Keyes Union,"$13,197 ","$60,625 "
Lost Hills Union Elementary,"$18,617 ","$33,500 "
Fruitvale Elementary,"$10,490 ","$74,154 "
Cinnabar Elementary,"$15,910 ","$90,000 "
College Elementary,"$17,387 ","$82,614 "
Blue Lake Union Elementary,"$14,899 ","$51,994 "
Biggs Unified,"$12,218 ","$65,292 "
Belleview Elementary,"$13,519 ","$58,654 "
Mountain Valley Unified,"$18,953 ","$31,467 "
Magnolia Elementary,"$12,834 ","$62,044 "
Liberty Union High,"$12,113 ","$109,430 "
Lakeside Union,"$10,364 ","$74,286 "
Scott Valley Unified,"$14,705 ","$52,536 "
Burton Elementary,"$12,564 ","$63,193 "
Nuview Union,"$12,193 ","$64,877 "
Kelseyville Unified,"$14,408 ","$53,778 "
Wiseburn Unified,"$12,098 ","$109,818 "
Le Grand Union Elementary,"$15,404 ","$48,750 "
Pacheco Union Elementary,"$11,172 ","$69,886 "
Jefferson Union High,"$13,761 ","$101,575 "
Siskiyou Union High,"$16,023 ","$45,524 "
Outside Creek Elementary,"$10,883 ","$71,181 "
Mendocino Unified,"$21,599 ","$62,563 "
Adelanto Elementary,"$12,993 ","$60,414 "
Bella Vista Elementary,"$12,127 ","$64,726 "
San Bernardino City Unified,"$15,714 ","$46,743 "
Gustine Unified,"$12,810 ","$61,250 "
Ferndale Unified,"$14,846 ","$51,045 "
Three Rivers Union Elementary,"$10,618 ","$72,188 "
Empire Union Elementary,"$13,157 ","$59,458 "
Hanford Joint Union High,"$12,744 ","$61,455 "
Southern Kern Unified,"$12,983 ","$60,247 "
Menifee Union Elementary,"$10,434 ","$72,993 "
Lincoln Unified,"$11,860 ","$65,858 "
San Jose Unified,"$12,414 ","$108,893 "
Lassen Union High,"$12,816 ","$61,034 "
Gateway Unified,"$15,276 ","$48,654 "
Lompoc Unified,"$12,456 ","$62,740 "
Palmdale Elementary,"$13,697 ","$56,472 "
Westminster,"$12,293 ","$63,422 "
Lennox,"$14,978 ","$49,978 "
Colton Joint Unified,"$12,720 ","$61,254 "
South Bay Union,"$14,442 ","$52,588 "
San Rafael City High,"$14,820 ","$97,421 "
Middletown Unified,"$11,671 ","$66,223 "
Desert Sands Unified,"$13,157 ","$58,738 "
Salinas City Elementary,"$12,690 ","$61,037 "
Nevada City Elementary,"$11,351 ","$67,733 "
Escalon Unified,"$10,769 ","$70,625 "
Kern High,"$14,008 ","$54,398 "
Lemoore Union High,"$12,518 ","$61,824 "
Cuddeback Union Elementary,"$11,604 ","$66,364 "
Chico Unified,"$13,350 ","$57,611 "
El Nido Elementary,"$14,028 ","$54,148 "
Berkeley Unified,"$17,280 ","$85,444 "
East Side Union High,"$13,317 ","$105,274 "
Alameda Unified,"$13,436 ","$104,756 "
South San Francisco Unified,"$13,184 ","$106,209 "
Surprise Valley Joint Unified,"$16,388 ","$42,019 "
Acton-Agua Dulce Unified,"$14,318 ","$100,556 "
Novato Unified,"$13,101 ","$106,657 "
Yuba City Unified,"$13,243 ","$57,703 "
Twin Rivers Unified,"$14,648 ","$50,649 "
Yreka Union High,"$15,302 ","$47,294 "
Maxwell Unified,"$13,424 ","$56,667 "
Central Unified,"$11,995 ","$63,792 "
Colfax Elementary,"$12,731 ","$60,101 "
Burrel Union Elementary,"$15,598 ","$45,625 "
Chualar Union,"$14,107 ","$53,059 "
Freshwater Elementary,"$13,343 ","$56,771 "
Shasta Union Elementary,"$13,974 ","$53,529 "
South Monterey County Joint Union High,"$13,241 ","$57,181 "
Bishop Unified,"$11,871 ","$63,934 "
Lindsay Unified,"$17,927 ","$33,626 "
Castle Rock Union Elementary,"$15,625 ","$45,139 "
Hilmar Unified,"$12,340 ","$61,569 "
Lake Tahoe Unified,"$13,165 ","$57,396 "
Enterprise Elementary,"$13,571 ","$55,296 "
Victor Valley Union High,"$13,948 ","$53,356 "
Saugus Union,"$11,447 ","$115,801 "
Trinity Alps Unified,"$15,289 ","$46,559 "
Union Hill Elementary,"$10,575 ","$70,074 "
Lemoore Union Elementary,"$11,566 ","$65,107 "
Camino Union Elementary,"$11,694 ","$64,438 "
Sonora Union High,"$13,365 ","$56,001 "
Santa Rita Union Elementary,"$10,775 ","$68,918 "
Palm Springs Unified,"$14,904 ","$48,120 "
Bayshore Elementary,"$16,879 ","$89,074 "
Montebello Unified,"$13,993 ","$52,592 "
Castro Valley Unified,"$11,860 ","$114,277 "
Merced Union High,"$14,146 ","$51,793 "
Clear Creek Elementary,"$10,656 ","$69,125 "
Ceres Unified,"$12,822 ","$58,193 "
Indian Diggings Elementary,"$16,833 ","$38,125 "
New Haven Unified,"$12,269 ","$112,496 "
Tulare Joint Union High,"$14,165 ","$51,324 "
Ukiah Unified,"$13,764 ","$53,277 "
Alisal Union,"$12,215 ","$60,978 "
Mark Twain Union Elementary,"$11,131 ","$66,239 "
Tahoe-Truckee Unified,"$18,822 ","$80,154 "
Visalia Unified,"$12,279 ","$60,393 "
Campbell Union,"$13,527 ","$106,695 "
Los Banos Unified,"$11,990 ","$61,691 "
Ocean View - Oxnard,"$11,925 ","$61,940 "
Knightsen Elementary,"$10,386 ","$122,844 "
Golden Plains Unified,"$16,317 ","$39,702 "
Piner-Olivet Union Elementary,"$15,122 ","$99,269 "
Laton Joint Unified,"$15,518 ","$43,627 "
Willits Unified,"$14,219 ","$50,068 "
New Jerusalem Elementary,"$12,139 ","$60,417 "
Fort Bragg Unified,"$14,147 ","$50,363 "
Richland Union Elementary,"$15,082 ","$45,592 "
Harmony Union Elementary,"$19,871 ","$75,806 "
Curtis Creek Elementary,"$11,436 ","$63,750 "
Rim Of The World Unified,"$11,977 ","$61,039 "
Shasta Union High,"$12,856 ","$56,631 "
San Bruno Park Elementary,"$12,992 ","$110,290 "
Le Grand Union High,"$15,548 ","$43,096 "
Sequoia Union Elementary,"$10,145 ","$70,119 "
Black Butte Union Elementary,"$14,148 ","$50,032 "
Butteville Union Elementary,"$10,482 ","$68,365 "
Livingston Union,"$13,071 ","$55,392 "
Riverdale Joint Unified,"$14,576 ","$47,768 "
Hemet Unified,"$14,843 ","$46,293 "
Pleasant Valley Joint Union Elementary,"$19,074 ","$80,238 "
Fall River Joint Unified,"$14,288 ","$49,037 "
Chawanakee Unified,"$11,561 ","$62,656 "
Oak Run Elementary,"$13,456 ","$53,068 "
Stanislaus Union Elementary,"$11,994 ","$60,337 "
Turlock Unified,"$12,863 ","$55,962 "
National Elementary,"$14,824 ","$46,062 "
Meridian Elementary,"$22,455 ","$63,750 "
Summerville Elementary,"$11,330 ","$63,333 "
Stockton Unified,"$15,106 ","$44,393 "
Guadalupe Union Elementary,"$13,783 ","$50,864 "
Pleasant Grove Joint Union,"$10,731 ","$66,094 "
Penn Valley Union Elementary,"$11,570 ","$61,581 "
Bonny Doon Union Elementary,"$13,485 ","$109,306 "
Buttonwillow Union Elementary,"$16,074 ","$38,917 "
Los Olivos Elementary,"$15,399 ","$99,844 "
Lynwood Unified,"$13,451 ","$52,007 "
Westwood Unified,"$15,578 ","$41,364 "
Live Oak Unified,"$12,518 ","$56,667 "
Hesperia Unified,"$12,694 ","$55,778 "
Anderson Union High,"$12,566 ","$56,332 "
Perris Elementary,"$13,221 ","$53,010 "
Newport-Mesa Unified,"$15,125 ","$101,383 "
Forks Of Salmon Elementary,"$30,778 ","$23,125 "
Holtville Unified,"$13,842 ","$49,766 "
Northern Humboldt Union High,"$14,340 ","$47,230 "
Millville Elementary,"$10,297 ","$67,396 "
Delano Union Elementary,"$14,966 ","$43,811 "
Gazelle Union Elementary,"$15,000 ","$43,625 "
Perris Union High,"$13,112 ","$53,010 "
Pioneer Union Elementary - Somerset,"$12,265 ","$57,169 "
Kings River Union Elementary,"$13,838 ","$49,063 "
Fowler Unified,"$13,169 ","$52,399 "
Coast Unified,"$21,927 ","$68,214 "
Tulare City,"$12,773 ","$54,367 "
Hanford Elementary,"$12,023 ","$58,056 "
Tehachapi Unified,"$10,710 ","$64,571 "
Millbrae Elementary,"$11,437 ","$120,850 "
Caliente Union Elementary,"$16,122 ","$37,452 "
Trona Joint Unified,"$28,066 ","$37,679 "
Chowchilla Union High,"$12,769 ","$54,094 "
Manchester Union Elementary,"$25,389 ","$51,250 "
Camptonville Elementary,"$18,042 ","$88,125 "
Whitmore Union Elementary,"$25,300 ","$51,964 "
Kit Carson Union Elementary,"$12,293 ","$56,071 "
Cascade Union Elementary,"$14,765 ","$43,624 "
Los Molinos Unified,"$14,423 ","$45,326 "
Coronado Unified,"$13,948 ","$108,967 "
Poway Unified,"$12,266 ","$117,394 "
Summerville Union High,"$9,016 ","$72,238 "
Cottonwood Union Elementary,"$11,968 ","$57,312 "
Pierce Joint Unified,"$11,147 ","$61,359 "
Eastside Union Elementary,"$13,496 ","$49,603 "
Pacific Grove Unified,"$17,672 ","$90,683 "
Chicago Park Elementary,"$10,536 ","$64,375 "
Central Union High,"$13,804 ","$48,005 "
Mariposa County Unified,"$13,686 ","$48,586 "
Brittan Elementary,"$9,220 ","$70,888 "
Roberts Ferry Union Elementary,"$13,068 ","$51,591 "
Hawthorne,"$13,250 ","$50,580 "
Oak Grove Elementary,"$12,806 ","$115,302 "
Placerville Union Elementary,"$10,953 ","$61,880 "
Muroc Joint Unified,"$11,889 ","$57,151 "
Westmorland Union Elementary,"$15,898 ","$37,000 "
Gridley Unified,"$12,109 ","$55,942 "
Washington Colony Elementary,"$11,570 ","$58,611 "
Eureka Union,"$10,943 ","$125,027 "
Armona Union Elementary,"$13,266 ","$50,043 "
Owens Valley Unified,"$27,205 ","$43,702 "
Lakeport Unified,"$13,271 ","$49,902 "
Keppel Union Elementary,"$13,163 ","$50,400 "
Southern Humboldt Joint Unified,"$13,693 ","$47,706 "
Kashia Elementary,"$22,867 ","$65,625 "
San Jacinto Unified,"$13,377 ","$49,159 "
Tulelake Basin Joint Unified,"$16,216 ","$34,896 "
Jamestown Elementary,"$12,320 ","$54,300 "
Madera Unified,"$13,001 ","$50,878 "
Upper Lake Unified,"$13,171 ","$50,000 "
Chatom Union,"$13,495 ","$48,363 "
Kenwood,"$21,413 ","$73,245 "
Cambrian,"$11,134 ","$124,674 "
Moreland,"$12,870 ","$116,056 "
Weed Union Elementary,"$16,802 ","$31,633 "
Redding Elementary,"$12,853 ","$51,265 "
Washington Unified - Fresno,"$14,509 ","$42,956 "
Grass Valley Elementary,"$12,863 ","$51,177 "
Newark Unified,"$12,769 ","$116,856 "
Seeley Union Elementary,"$14,477 ","$42,917 "
King City Union,"$12,083 ","$54,804 "
Banta Elementary,"$17,452 ","$93,631 "
Woodlake Unified,"$14,047 ","$44,776 "
Weaver Union,"$12,707 ","$51,382 "
Corning Union High,"$13,720 ","$46,302 "
Fresno Unified,"$14,625 ","$41,704 "
Caruthers Unified,"$13,779 ","$45,893 "
Traver Joint Elementary,"$13,427 ","$47,614 "
Merced River Union Elementary,"$11,757 ","$55,938 "
Gerber Union Elementary,"$13,902 ","$45,134 "
Miller Creek Elementary,"$13,072 ","$116,192 "
Roseland,"$24,306 ","$60,140 "
Sundale Union Elementary,"$10,770 ","$60,461 "
Bakersfield City,"$14,646 ","$41,047 "
Red Bluff Joint Union High,"$14,141 ","$43,553 "
Fort Sage Unified,"$12,458 ","$51,875 "
Mckinleyville Union Elementary,"$11,698 ","$55,567 "
Heber Elementary,"$13,405 ","$47,021 "
Oak Grove Union Elementary,"$13,911 ","$112,527 "
Buellton Union Elementary,"$18,315 ","$90,560 "
Bangor Union Elementary,"$14,520 ","$41,304 "
Selma Unified,"$14,374 ","$41,884 "
Fortuna Union High,"$13,320 ","$47,053 "
Orange Center,"$15,286 ","$37,159 "
Grenada Elementary,"$11,960 ","$53,750 "
Shaffer Union Elementary,"$11,182 ","$57,526 "
Santa Cruz City High,$287 ,"$111,992 "
Bear Valley Unified,"$12,197 ","$52,384 "
Calexico Unified,"$13,961 ","$43,504 "
Alpaugh Unified,"$14,458 ","$41,000 "
Pacifica,"$11,417 ","$125,760 "
Trinidad Union Elementary,"$11,448 ","$55,893 "
Marysville Joint Unified,"$12,248 ","$51,851 "
Del Norte County Unified,"$13,551 ","$45,283 "
Lucerne Valley Unified,"$16,528 ","$30,376 "
Morgan Hill Unified,"$11,628 ","$125,073 "
Lancaster Elementary,"$12,465 ","$50,536 "
Bass Lake Joint Union Elementary,"$11,191 ","$56,864 "
Coalinga-Huron Unified,"$13,147 ","$47,078 "
Brawley Union High,"$14,081 ","$42,384 "
Exeter Unified,"$12,964 ","$47,832 "
Flournoy Union Elementary,"$12,714 ","$49,000 "
Delano Joint Union High,"$14,460 ","$40,251 "
Redwood City Elementary,"$14,232 ","$112,451 "
Pixley Union Elementary,"$15,740 ","$33,750 "
Banning Unified,"$13,707 ","$43,906 "
Amador County Unified,"$9,890 ","$62,772 "
Brawley Elementary,"$13,926 ","$42,573 "
Planada Elementary,"$14,174 ","$41,285 "
Hamilton Unified,"$12,535 ","$49,423 "
Maple Elementary,"$9,668 ","$63,750 "
Dunsmuir Elementary,"$15,456 ","$34,716 "
Oroville Union High,"$13,883 ","$42,445 "
Colusa Unified,"$11,553 ","$54,067 "
Santa Monica-Malibu Unified,"$16,566 ","$101,476 "
Firebaugh-Las Deltas Unified,"$14,738 ","$38,094 "
Fortuna Elementary,"$13,054 ","$46,453 "
Chowchilla Elementary,"$11,427 ","$54,571 "
Paradise Unified,"$12,089 ","$51,214 "
Reef-Sunset Unified,"$13,896 ","$42,136 "
Merced City Elementary,"$12,653 ","$48,316 "
El Centro Elementary,"$13,513 ","$43,948 "
Oak Park Unified,"$10,394 ","$132,665 "
Lucerne Elementary,"$13,545 ","$43,722 "
Happy Camp Union Elementary,"$15,109 ","$35,884 "
West Park Elementary,"$12,661 ","$48,105 "
Kings Canyon Joint Unified,"$13,273 ","$45,038 "
Lamont Elementary,"$13,702 ","$42,821 "
Shiloh Elementary,"$11,754 ","$52,500 "
Pond Union Elementary,"$15,015 ","$36,125 "
Meadows Union Elementary,"$14,715 ","$37,543 "
Lassen View Union Elementary,"$10,597 ","$58,092 "
Coachella Valley Unified,"$14,846 ","$36,729 "
Reeds Creek Elementary,"$10,047 ","$60,682 "
Washington Union Elementary,"$10,214 ","$134,323 "
Mccloud Union Elementary,"$14,817 ","$36,635 "
Lakeside Union Elementary - Hanford,"$12,585 ","$47,763 "
Berryessa Union Elementary,"$12,462 ","$123,184 "
Palo Verde Unified,"$13,196 ","$44,527 "
Orland Joint Unified,"$12,312 ","$48,881 "
Mount Pleasant Elementary,"$15,161 ","$109,861 "
Dos Palos Oro Loma Joint Unified,"$13,281 ","$43,942 "
Big Springs Union Elementary,"$11,379 ","$53,452 "
El Tejon Unified,"$12,635 ","$47,066 "
Farmersville Unified,"$14,092 ","$39,650 "
Eureka City Schools,"$12,986 ","$45,100 "
Oroville City Elementary,"$12,884 ","$45,501 "
Campbell Union High,"$13,624 ","$118,447 "
Byron Union Elementary,"$11,896 ","$127,233 "
Mission Union Elementary,"$11,481 ","$51,875 "
Terra Bella Union Elementary,"$14,635 ","$36,071 "
Mckittrick Elementary,"$28,365 ","$45,000 "
Cutten Elementary,"$9,930 ","$59,557 "
Healdsburg Unified,"$18,117 ","$96,381 "
Atwater Elementary,"$10,756 ","$55,277 "
Mojave Unified,"$12,854 ","$44,535 "
Calistoga Joint Unified,"$20,461 ","$85,067 "
Victor Elementary,"$11,626 ","$50,470 "
Clay Joint Elementary,"$10,109 ","$58,000 "
Butte Valley Unified,"$14,772 ","$34,648 "
Scotia Union Elementary,"$14,188 ","$37,500 "
Cutler-Orosi Joint Unified,"$13,922 ","$38,797 "
Greenfield Union,"$11,854 ","$49,068 "
Richgrove Elementary,"$17,168 ","$22,356 "
Calipatria Unified,"$15,099 ","$32,625 "
Evergreen Union,"$11,684 ","$49,611 "
Capay Joint Union Elementary,"$9,312 ","$61,406 "
Morongo Unified,"$13,105 ","$42,323 "
Hermosa Beach City Elementary,"$10,331 ","$136,702 "
Burlingame Elementary,"$11,885 ","$129,006 "
Winton,"$12,348 ","$45,925 "
Wilsona Elementary,"$13,105 ","$42,025 "
Montague Elementary,"$11,681 ","$48,911 "
Hydesville Elementary,"$10,543 ","$54,583 "
Corning Union Elementary,"$12,275 ","$45,864 "
Ross Valley Elementary,"$13,256 ","$122,651 "
Hot Springs Elementary,"$17,316 ","$20,583 "
Lagunitas Elementary,"$18,199 ","$97,935 "
Kerman Unified,"$11,744 ","$48,445 "
Barstow Unified,"$12,804 ","$43,117 "
Apple Valley Unified,"$10,396 ","$55,159 "
Porterville Unified,"$13,584 ","$39,205 "
Livermore Valley Joint Unified,"$12,373 ","$127,200 "
Las Virgenes Unified,"$11,420 ","$132,023 "
Fairfax Elementary,"$12,898 ","$42,329 "
Dinuba Unified,"$12,543 ","$44,065 "
Monson-Sultana Joint Union Elementary,"$12,769 ","$42,875 "
Mt. Shasta Union Elementary,"$11,849 ","$47,425 "
Parlier Unified,"$14,179 ","$35,680 "
Stone Corral Elementary,"$13,062 ","$41,250 "
Thermalito Union Elementary,"$14,142 ","$35,744 "
Rio Dell Elementary,"$12,889 ","$41,875 "
Lake Elementary,"$9,762 ","$57,344 "
Encinitas Union Elementary,"$12,838 ","$126,239 "
Yreka Union Elementary,"$12,083 ","$45,257 "
Arvin Union,"$13,360 ","$38,721 "
Woodville Union Elementary,"$14,889 ","$31,000 "
Douglas City Elementary,"$12,331 ","$43,654 "
Golden Feather Union Elementary,"$27,574 ","$52,917 "
Pleasant View Elementary,"$14,270 ","$33,750 "
New Hope Elementary,"$14,000 ","$35,000 "
Susanville Elementary,"$10,272 ","$53,610 "
Plaza Elementary,"$8,729 ","$61,250 "
Palermo Union Elementary,"$12,492 ","$42,336 "
Cardiff Elementary,"$16,099 ","$110,898 "
Wasco Union Elementary,"$12,982 ","$39,750 "
Fremont Unified,"$11,629 ","$133,339 "
Evergreen Elementary,"$11,309 ","$134,950 "
San Pasqual Union Elementary,"$11,627 ","$133,375 "
Waukena Joint Union Elementary,"$12,725 ","$40,855 "
Corcoran Joint Unified,"$13,054 ","$38,906 "
Pioneer Union Elementary - Berry Creek,"$13,972 ","$34,279 "
Tipton Elementary,"$13,528 ","$36,398 "
Spreckels Union Elementary,"$9,622 ","$144,219 "
Alview-Dairyland Union Elementary,"$11,259 ","$47,344 "
Ravendale-Termo Elementary,"$31,778 ","$33,750 "
Modoc Joint Unified,"$11,378 ","$46,169 "
Earlimart Elementary,"$13,977 ","$33,092 "
Emery Unified,"$18,079 ","$102,725 "
Springville Union Elementary,"$10,600 ","$49,871 "
Kernville Union Elementary,"$14,255 ","$31,554 "
Milpitas Unified,"$12,280 ","$131,954 "
Red Bluff Union Elementary,"$12,455 ","$40,419 "
South Fork Union,"$13,885 ","$32,894 "
Eastern Sierra Unified,"$26,846 ","$59,688 "
Mcfarland Unified,"$13,102 ","$36,589 "
Knights Ferry Elementary,"$9,516 ","$54,375 "
Big Lagoon Union Elementary,"$29,316 ","$47,679 "
Magnolia Union Elementary,"$10,262 ","$50,500 "
Sonora Elementary,"$10,336 ","$50,089 "
Needles Unified,"$13,413 ","$34,498 "
Strathmore Union Elementary,"$13,644 ","$33,145 "
Wasco Union High,"$12,441 ","$39,137 "
San Dieguito Union High,"$11,865 ","$135,646 "
Sunol Glen Unified,"$12,795 ","$131,250 "
Oak Valley Union Elementary,"$11,407 ","$43,750 "
Konocti Unified,"$13,008 ","$35,601 "
Taft City,"$12,272 ","$39,190 "
Standard Elementary,"$11,448 ","$43,297 "
Stony Creek Joint Unified,"$31,129 ","$40,000 "
Orchard Elementary,"$13,586 ","$127,854 "
Alta Vista Elementary,"$13,211 ","$33,859 "
Sunnyside Union Elementary,"$13,443 ","$32,500 "
Arcata Elementary,"$12,660 ","$36,287 "
Columbia Union,"$11,581 ","$41,563 "
Julian Union High,"$27,981 ","$57,317 "
Howell Mountain Elementary,"$21,543 ","$89,531 "
Geyserville Unified,"$19,039 ","$102,109 "
Ducor Union Elementary,"$13,542 ","$30,882 "
Linns Valley-Poso Flat Union,"$30,526 ","$45,139 "
Palo Verde Union Elementary,"$11,515 ","$40,658 "
Willows Unified,"$10,083 ","$47,785 "
Cabrillo Unified,"$12,773 ","$134,138 "
Richfield Elementary,"$10,484 ","$45,625 "
Elk Hills Elementary,"$10,791 ","$43,750 "
San Francisco Unified,"$17,228 ","$112,449 "
Oro Grande,"$13,285 ","$31,000 "
Buena Vista Elementary,"$10,777 ","$43,333 "
Plainsburg Union Elementary,"$11,045 ","$41,944 "
Rockford Elementary,"$11,640 ","$38,529 "
San Mateo-Foster City,"$12,968 ","$134,671 "
Columbine Elementary,"$10,505 ","$44,000 "
Coffee Creek Elementary,"$30,556 ","$47,917 "
Allensworth Elementary,"$12,341 ","$33,214 "
Vineland Elementary,"$12,788 ","$30,665 "
Beardsley Elementary,"$12,820 ","$30,445 "
Semitropic Elementary,"$12,383 ","$32,500 "
Mendota Unified,"$12,746 ","$30,542 "
Di Giorgio Elementary,"$11,906 ","$33,542 "
Dunsmuir Joint Union High,"$33,459 ","$35,905 "
Antelope Elementary,"$10,943 ","$37,956 "
Moraga Elementary,"$12,431 ","$141,366 "
Liberty Elementary - Tulare,"$8,032 ","$52,386 "
Pacific Union Elementary - Arcata,"$9,756 ","$43,299 "
Big Pine Unified,"$30,066 ","$53,730 "
Dublin Unified,"$10,903 ","$150,299 "
Laguna Joint Elementary,"$21,857 ","$95,833 "
Acalanes Union High,"$15,267 ","$129,146 "
Beverly Hills Unified,"$19,769 ","$106,857 "
Mesa Union Elementary,"$10,283 ","$155,250 "
Latrobe,"$15,648 ","$129,516 "
Larkspur-Corte Madera,"$14,398 ","$136,406 "
Brisbane Elementary,"$17,981 ","$119,281 "
Alexander Valley Union Elementary,"$21,282 ","$104,583 "
Carmel Unified,"$24,026 ","$93,269 "
Palos Verdes Peninsula Unified,"$12,484 ","$151,740 "
Big Creek Elementary,"$28,022 ","$74,583 "
Union Elementary,"$12,126 ","$154,506 "
Big Sur Unified,"$8,233 ","$39,583 "
Mattole Unified,"$35,560 ","$37,708 "
Belridge Elementary,"$30,667 ","$62,500 "
Pleasanton Unified,"$12,065 ","$156,342 "
Pine Ridge Elementary,"$25,874 ","$88,125 "
Sunnyvale,"$15,758 ","$138,762 "
Mountain View Whisman,"$16,350 ","$136,619 "
Pope Valley Union Elementary,"$32,340 ","$57,250 "
Horicon Elementary,"$28,232 ","$79,732 "
Willow Grove Union Elementary,"$25,077 ","$96,042 "
Kentfield Elementary,"$15,935 ","$143,347 "
Belmont-Redwood Shores Elementary,"$12,393 ","$161,430 "
Ballard Elementary,"$18,061 ","$134,924 "
Santa Clara Unified,"$19,279 ","$129,906 "
San Mateo Union High,"$19,357 ","$130,632 "
Manhattan Beach Unified,"$14,901 ","$153,023 "
Kneeland Elementary,"$30,308 ","$76,250 "
Happy Valley Elementary,"$13,463 ","$160,750 "
San Marino Unified,"$14,406 ","$156,429 "
San Ramon Valley Unified,"$11,378 ","$171,717 "
Cupertino Union,"$12,291 ","$168,037 "
Del Mar Union Elementary,"$15,584 ","$152,009 "
Sequoia Union High,"$19,367 ","$134,282 "
Silver Fork Elementary,"$34,769 ","$58,438 "
Loma Prieta Joint Union Elementary,"$15,225 ","$156,250 "
Jefferson Elementary - Paicines,"$25,625 ","$104,250 "
Tamalpais Union High,"$19,565 ","$134,656 "
Saint Helena Unified,"$28,073 ","$92,404 "
Feather Falls Union Elementary,"$42,300 ","$21,648 "
Laguna Beach Unified,"$20,919 ","$129,175 "
Fort Ross Elementary,"$34,952 ","$59,063 "
Solana Beach Elementary,"$18,531 ","$141,600 "
Fremont Union High,"$15,994 ","$154,876 "
Mill Valley Elementary,"$16,270 ","$155,203 "
Lafayette Elementary,"$12,171 ","$176,919 "
Shoreline Unified,"$29,722 ","$93,608 "
Indian Springs Elementary,"$43,467 ","$25,375 "
La Canada Unified,"$12,010 ","$186,500 "
Dehesa Elementary,"$28,138 ","$107,429 "
Reed Union Elementary,"$17,357 ","$161,892 "
Mountain House Elementary,"$30,059 ","$100,625 "
Desert Center Unified,"$43,862 ","$32,396 "
San Carlos Elementary,"$14,466 ","$181,324 "
Los Gatos Union Elementary,"$14,289 ","$182,830 "
La Honda-Pescadero Unified,"$22,367 ","$148,826 "
Palo Alto Unified,"$23,038 ","$151,578 "
Rancho Santa Fe Elementary,"$22,025 ","$157,617 "
Cold Spring Elementary,"$23,320 ","$151,250 "
Nicasio,"$25,641 ","$140,417 "
Los Gatos-Saratoga Union High,"$17,307 ","$184,917 "
Mountain View-Los Altos Union High,"$23,203 ","$156,702 "
Vista Del Mar Union,"$29,961 ","$123,125 "
Alpine County Unified,"$43,481 ","$63,750 "
Death Valley Unified,"$49,857 ","$33,922 "
Menlo Park City Elementary,"$18,728 ","$193,119 "
Orinda Union Elementary,"$13,473 ","$223,504 "
Los Altos Elementary,"$15,626 ","$213,273 "
Saratoga Union Elementary,"$19,764 ","$195,784 "
Las Lomitas Elementary,"$23,590 ","$191,836 "
Montecito Union Elementary,"$30,213 ","$161,360 "
Piedmont City Unified,"$17,680 ","$224,205 "
Lakeside Joint,"$31,423 ","$177,222 "
Sausalito Marin City,"$47,176 ","$100,792 "
Ross Elementary,"$21,906 ","$238,036 "
Bolinas-Stinson Union,"$52,511 ","$87,083 "
Panoche Elementary,"$63,667 ","$36,250 "
Hillsborough City Elementary,"$22,821 ","$250,000 "
Portola Valley Elementary,"$27,751 ","$240,956 "
Woodside Elementary,"$29,985 ","$249,750 "
Spencer Valley Elementary,"$64,341 ","$79,519 "
Maple Creek Elementary,"$86,000 ","$45,750 "
Lincoln Elementary,"$85,750 ","$91,000 "